id,name,sku,category_reference,tax_group_reference,is_sold_by_weight,is_active,is_stock_product,price,cost,barcode,description,preparation_time,calories,walking_minutes_to_burn_calories,is_high_salt,image,name_localized,description_localized
a194b7bd-51d7-471d-93c8-91690bd4585c,"Extra Sauce",sk-0167,cat-21,,No,Yes,Yes,3,,,,,,,No,,"صلصة اضافية",
a0709c99-3fe5-4b9a-abe1-2f034fe53b9e,"Mushroom Beef Burger",sk-0166,cat-06,,No,Yes,Yes,50,,,,,,,No,,"برجر لحم البقر بالفطر",
a06c0131-1b7f-4b7f-9256-93898d12e7a1,"Penne Pasta with Alfredo Sauce",sk-0165,cat-17,,No,Yes,Yes,40,,,,,,,No,,"معكرونة بيني مع صوص ألفريدو",
a05b5999-7352-46a7-afb5-3c123c9a6080,"English Egg",sk-0164,cat-01,,No,Yes,Yes,35,,,,,,,No,https://foodics-console-production.s3.eu-west-1.amazonaws.com/images/388612_1763142071_a05b59af-a0d0-491d-80a6-4ac270897fda.jpg,"بيضة انجليزية",
a05b5841-9ba3-467b-9b83-ddba96142894,"Spelt Truffle Cream",sk-0163,cat-01,,No,Yes,No,35,,,,,,,No,https://foodics-console-production.s3.eu-west-1.amazonaws.com/images/388612_1763141982_a05b5927-2791-4e92-a4dd-20c7a400ffc3.jpg,"كريمة الكمأة المصنوعة من الشعير",
9fe29a15-5497-4150-b6d1-947e73438880,"Body Building",sk-0161,,,Yes,Yes,No,200,,,,30,,,No,,"كمال الاجسام",
9fe299e0-f134-46c8-9bf1-16931096c323,"Weight loss",sk-0162,,,Yes,Yes,Yes,125,,,,30,,,No,,"فقدان الوزن",
9fe0b76e-30cc-4368-a54b-964ca030583d,"Kinza Lemon",sk-0155,cat-13,,No,Yes,Yes,3,,,,,,,No,https://foodics-console-production.s3.eu-west-1.amazonaws.com/images/388612_1757874999_9fe0b77d-69d1-43f3-bd8e-2d2af781ba09.jpeg,,
9fe0b3a4-e02e-4b40-9129-396ee6b33228,"Kinza Diet Cola",sk-0154,cat-13,,No,Yes,Yes,4,,,,,,,No,https://foodics-console-production.s3.eu-west-1.amazonaws.com/images/388612_1757874366_9fe0b3b7-b3f0-47ee-9991-cc547b382093.jpeg,,
9fe0b344-b0b5-4f3f-b495-5b5a7c393333,"Kinza Lemon Zero Sugar",sk-0153,cat-13,,No,Yes,No,4,,,,,,,No,https://foodics-console-production.s3.eu-west-1.amazonaws.com/images/388612_1757874305_9fe0b35b-2f27-45c4-af71-ae403bc7dae6.jpeg,,
9fe0b261-e0f4-4c2a-ba91-f917e932a58a,"Kinza Citrus",sk-0151,cat-13,,No,Yes,Yes,3,,,,,,,No,https://foodics-console-production.s3.eu-west-1.amazonaws.com/images/388612_1757874154_9fe0b274-af4d-4120-83f3-3ceee6edc56e.jpeg,,
9fdedc95-74bc-4970-8811-a405911e84d9,"Kinza Blackcurrant",sk-0150,cat-13,,No,Yes,Yes,3,,1,,10,,,No,https://foodics-console-production.s3.eu-west-1.amazonaws.com/images/388612_1757795359_9fdedccc-a764-49e3-9495-a3061af9afe7.jpeg,"كينزا الكشمش الأسود",
9fda3338-214a-4fea-84a5-ffec6671eb02,"Kinza Cola",sk-0152,cat-13,,No,Yes,Yes,3,,0,,10,,,No,https://foodics-console-production.s3.eu-west-1.amazonaws.com/images/388612_1757870628_9fe09d6f-bae7-4e3f-8a15-bb5b9bcf4359.jpeg,"كينزا كولا",
9d9c4ef8-b087-41f2-b453-18708c3027ee,"Yogurt Granola Bowl",sk-0145,cat-01,,No,Yes,Yes,30,,,,,,,No,,"وعاء جرانولا الزبادي",
9d9c4e94-21ae-4f78-a159-c3eb256fd798,"Japanese Cheesecake",sk-0144,cat-18,,No,Yes,Yes,32,,,,,,,No,,"كيكة يابانية",
9d9c4e56-eae9-47e4-9c06-852560ec0aab,"SMOOTHIE GREEN BOOSTER",sk-0143,cat-20,,No,Yes,Yes,30,,,,,,,No,,"عصير اسموزى أخضر",
9d9c4e2c-2dae-4009-95ae-37731ccc1673,"ACAI SMOOTHIE",sk-0142,cat-20,,No,Yes,Yes,35,,,,,,,No,,"عصير اسموزى  أكاي",
9d9c4dfd-e982-4c8f-847d-3e16cde10ec5,"PINK LOW CAL SMOOTHIE",sk-0141,cat-20,,No,Yes,Yes,28,,,,,,,No,,"عصير اسموزى وردي منخفض السعرات الحرارية",
9d9c4dcf-f84b-4971-a4ff-29522565783a,"BLUEBERRY SMOOTHIE",sk-0140,cat-20,,No,Yes,Yes,30,,,,,,,No,,"عصير اسموزى التوت",
9d9c4d97-ec68-4004-9161-3f622673a168,"PROTEIN MILK SHAKE",sk-0146,cat-20,,No,Yes,Yes,35,,,,,,,No,,"ميلك تشيك بالبروتين",
9d9c4d52-0d0d-456e-ad73-2a61b5d277ac,"CAPPUCCINO CHEESECAKE",sk-0138,cat-18,,No,Yes,Yes,30,,,,,,,No,,"تشيز كيك كابتشينو",
9d9c4d1e-92bc-4296-b723-ceec9392ebc5,"NUTS MUFFIN",sk-0137,cat-18,,No,Yes,Yes,27,,,,,,,No,,"مافن المكسرات",
9d9c4ca2-163c-42cb-8aa9-f2cc5a536c09,"CHOCOLATE MUFFIN",sk-0136,cat-18,,No,Yes,Yes,29,,,,,,,No,,"مافن الشوكولاتة",
9d9c4c67-7517-41fe-b46c-8be521b8a927,"ICED MATCHA OATS MILK",sk-0135,cat-20,,No,Yes,Yes,32,,,,,,,No,,"حليب الشوفان الماتشا المثلج",
9d9c4c15-e774-43e2-95b4-204fbd0d4c4c,"ICED MATCHA COCONUT MILK",sk-0134,cat-20,,No,Yes,Yes,32,,,,,,,No,,"حليب جوز الهند الماتشا المثلج",
9d9c4be2-aff9-4269-b8bd-799dfe1d79ee,"ICED MATCHA ALMOND MILK",sk-0133,cat-20,,No,Yes,Yes,32,,,,,,,No,,"حليب اللوز الماتشا المثلج",
9d9c4baf-cddb-4ed5-81ff-182746e55573,"ICED MATCHA LOW FAT MILK",sk-0132,cat-20,,No,Yes,Yes,27,,,,,,,No,,"مسحوق ماتشا أصلي مع حليب قليل الدسم ومكعب ثلج",
9d9c4b65-82f2-497a-943e-be47a6006580,"SCRAMBLED EGG",sk-0131,cat-01,,No,Yes,Yes,35,,,,,501,,No,,"بيض اسكرامبل",
9d9c4ab7-bc1d-4590-924b-f0bc49e0e25d,"CHEESE EGG BURGER",sk-0130,cat-01,,No,Yes,Yes,30,,,,,370,,No,,"تشيز برجر بيض",
9d9c4a34-8e2f-4679-a528-1dcbdab8d9c8,"Egg benedict",sk-0129,cat-01,,No,Yes,Yes,35,,,,,657,,No,,"ايق بندكت",
9d9c4907-30e9-4c3f-b203-8cd78f9d2ecc,"CHEESE HEAVEN",sk-0128,cat-01,,No,Yes,Yes,33,,,,,384,,No,,"جبنه هافان",
9c779d3f-7477-4e57-929c-d96d8cc75b76,Subscription,sk-0127,,,No,Yes,No,,,,,,,,No,,اشتراك,
99612d1e-50d0-4fb9-bdc5-a1b6a106b812,"Egyptian Rice",sk-0111,cat-12,,No,Yes,No,0,,,,,,,No,,"أرز مصري",
98290a12-ace4-412c-ae44-bbf4bf7b0ddc,"Pro puffs cheese",sk-0110,pb-001,,No,Yes,Yes,18.5,,,,,,,No,,,
982909eb-ba80-4b41-8168-5913ce83cd42,"Grenade cookie dough",sk-0109,pb-001,,No,Yes,Yes,22.5,,,,,,,No,,,
982909bf-1316-4249-8129-7a2dd46993c7,"Grenade peanut nutter",sk-0108,pb-001,,No,Yes,Yes,22.5,,,,,,,No,,,
9829098d-5e29-4879-a98a-44fa53836d79,"Double chocolate cookies",sk-0107,pb-001,,No,Yes,Yes,22.5,,,,,,,No,,,
98290962-8c8a-4d2f-a5ae-2e7e2ff90994,"White chocolate cookies",sk-0106,pb-001,,No,Yes,Yes,22.25,,,,,,,No,,,
9811254d-118f-46a9-ac4c-b279ebe4be6d,"Lenny & Larry’s The Complete Cookie",sk-0105,cat-12,,No,Yes,No,8,,,,,,,No,,,
98112374-7894-42f0-b497-b88ffedc16fd,"Pro Puffs",sk-0104,cat-12,,No,Yes,No,16,0,,,,,,No,,,
97e45442-c6a1-43dc-8bfb-ff387d21ba7a,"Cola Zero",psk-074,cat-13,,No,Yes,Yes,4,,,,,,,No,,"كولا زيرو",
97e45442-d60a-461e-b031-6fba98f9cadc,Water,psk-075,cat-13,,No,Yes,Yes,5,,,,,,,No,,ماء,
97e45442-f13b-4783-b4c3-deed06266bd7,"Biryani Fish",psk-077,cat-14,,No,Yes,No,40,,,"Fish cooked with indian masala and basmati rice",,338,,No,,"سمك برياني","سمك مطبوخ مع الماسالا الهندي و الأرز بسمتي"
97e45442-f9ef-4e01-accf-adc4b66bcd86,"Magbous Chicken",psk-079,cat-14,,Yes,Yes,No,36,,,"Chicken pieces cooked with arabic spices, saffron, tomato with basmati rice",,655,,No,,"مجبوس دجاج","قطع دجاج مطبوخة بالبهارات العربية والزعفران والطماطم مع أرز بسمتي"
97e45442-faa8-4c06-8750-45e6091c56db,"Biryani Shrimp",psk-078,cat-14,,No,Yes,No,51,,,"Shrimp cooked with indian masala and basmati rice",,328,,No,,"برياني روبيان","روبيان مطبوخ مع الماسالا الهندي و الأرز بسمتي"
97e45443-1647-46f2-9a25-a545749a9d04,"Magbous Fish",psk-080,cat-14,,No,Yes,No,35,,,"Fish cooked with arabic spices, saffron, tomato with basmati rice",,587,,No,,"سمك مجبوس","سمك مطبوخ بالبهارات العربية والزعفران والطماطم مع أرز بسمتي"
97e45443-30bd-473b-8ea3-65298e73add0,"Magbous Shrimp",psk-081,cat-14,,No,Yes,No,51,,,"Shrimp cooked with arabic spices, saffron, tomato with basmati rice",,633,,No,,"مجبوس روبيان","روبيان مطبوخ بالبهارات العربية والزعفران والطماطم مع أرز بسمتي"
97e45443-321b-4d45-abb4-2d88fd23ce9f,"Chicken Risotto",psk-085,cat-16,,No,Yes,No,35,,,"Roasted chicken breast cooked with arborio rice, mushroom and parmesan cheese",,512,,No,,"ريزوتو الدجاج","صدر دجاج محمر مطبوخ مع أرز أربوريو ، مشروم وجبنة بارميزان"
97e45443-336f-49e5-80c3-d24da9f6d43c,"Shrimp Risotto",psk-084,cat-16,,No,Yes,No,42,,,"Fried shrimps (or) pan-seared shrimp / cooked with arborio rice, parmesan cheese",,406,,No,,"ريزوتو الروبيان","روبيان مطهو سوتيه، أرز أربوريو، جبنة بارميزان"
97e45443-3706-4aa4-a543-b16ad6c8699b,"Chicken Pizza",psk-082,cat-15,,No,Yes,No,34,,,"Marinated grill chicken with color capsicum, olives, and low fat mozzarella cheese",,109,,No,,دجاج,"دجاج مشوي متبل مع فليفلة ملونة ، زيتون وجبنة موزاريلا قليلة الدسم"
97e45443-4053-4ee8-aefb-c14a7fa773e0,"Buffalo Pizza",psk-083,cat-15,,No,Yes,No,42,,,"Pizza pan, chicken, tomato sauce, cheese mozarella, paprika, pepper, black olives, jalapeno, cupsicum, baffalo sauce",,109,,No,,بوفالو,"بيتزا بان ، دجاج ، صوص طماطم ، جبنة موتزاريلا ، بابريكا ، فلفل اسود ، زيتون أسود ، هالبينو ، فلفل الوان ، بافلو صوص"
97e45443-42a3-4c2b-95a4-c72bb90ee866,"Potato Seafood",psk-087,cat-16,,No,Yes,No,49,,,"Mashed potato, fish, salmon, shrimp, onion, garlic, dried dill, cooking cream low fat, breadcurmbs, parmesan cheese",,505,,No,,"بايلا بالطاطا المهروسه","بطاطس مهروسة ، سمك ، سلمون ، جمبري ، بصل ، ثوم ، شبت مجفف ، كريمة طبخ قليلة الدسم ، بقسماط ، جبنة بارميزان"
97e45443-4470-4073-a55c-1c82d2c3bc63,"Paella Rice",psk-086,cat-16,,No,Yes,No,53,,,"Bomba rice, white fish, mussels, shrimp, squid tube, tomato paste, chicken stock, white pepper, dill leaves, parsley, onion, garlic peeled, olive oil",,436,,No,,"أرز باييلا","أرز بومبا ، سمك أبيض ، بلح البحر ، روبيان ،حبار ، معجون طماطم ، مرقة دجاج ، فلفل أبيض ، أوراق شبت ، بقدونس ، بصل ، ثوم مقشر ، زيت زيتون"
97e45443-46e1-44b3-9735-7f554c075695,"Low Calorie Spaghetti",psk-088,cat-17,,No,Yes,No,42,,,"Spaghetti, beef, bolognese sauce, parmesan cheese on top",,473,,No,,"لو كالوري سباغيتي","سباغيتي ، لحم، صلصة البولونيز ، جبنة بارميزان"
97e45443-4ce8-4eb7-9ec9-3065ab86cdeb,"Chicken Pasta Spinach Sauce",psk-090,cat-17,,No,Yes,No,40,,,"Chunky tomato sauce, penne pasta, chicken spinach, parmesan cheese on top",,523,,No,,"باستا الدجاج بصلصة السبانخ","صلصة طماطم، بيني باستا، دجاج، سبانخ ، جبنة بارميزان"
97e45443-50a7-4252-9dae-46fd680add47,"Fettuccine Pasta Chicken Alfredo Sauce",psk-089,cat-17,,No,Yes,No,40,,,"Alfredo sauce, chicken, parmesan cheese on top",,540,,No,,"باستا فيتوتشيني دجاج بصلصة الفريدو","صلصة الفريدو ، دجاج ، جبنة بارميزان"
97e45443-5216-44c1-8bf6-625042ca0427,"Beef Lasagna",psk-091,cat-17,,No,Yes,No,42,,,"Traditional italian beef lasagna with homemade bolognese sauce",,580,,No,,"لازانيا لحم البقر","لازانيا اللحم البقري الايطالي التقليدي مع صلصة البولونيز محلية الصنع"
97e45443-68bb-44dd-9e33-490985c379ab,"Carrot Cake",psk-092,cat-18,,Yes,Yes,No,24,,,"Cinnamon, salt, eggs, vanilla, carrots, cheese, stevia sugar",,152,,No,,"كيكة الجزر","قرفة ، ملح ، بيض ، فانيليا ، جزر ، جبنة ، سكر ستيفيا"
97e45443-7081-4da0-85e3-bb972e34bf27,"Lemon Chia Cake",psk-095,cat-18,,No,Yes,No,24,,,"Eggs, coconut oil, olives",,72,,No,,"كيكة الليمون الشيا","بيض ، زيت جوز الهند ، زيتون"
97e45443-73ba-4769-9905-a9223a26df5d,"Chia Karak Ball",psk-094,cat-18,,No,Yes,No,27,,,"Oats, milk, coconut, dates, tea, saffron, cinnamon, vanilla, coconut oil",,135,,No,,"كرة شيا كرك","شوفان ، حليب ، جوز الهند ، تمر ، شاي ، زعفران ، قرفة ، فانيليا ، زيت جوز الهند"
97e45443-7973-4852-8042-b360cbc770ba,"Dates Choco Balls",psk-093,cat-18,,No,Yes,No,18,,,"Oats, coffee, dates, chocolate powder, cinnamon, vanilla, coconut oil",,126,,No,,"كرات شوكولا التمر","شوفان ، قهوة ، تمر ، بودرة الشوكولا ، قرفة ، فانيليا ، زيت جوز الهند"
97e45443-819b-40b6-926d-a9d9b94bb63c,"Coconut Matsha",psk-096,cat-18,,No,Yes,No,30,,,"Dates, butter, cashew, chia seeds, matcha tea, vanilla sauce, coconut powder",,284,,No,,"ماتشا جوز الهند","تمر ، زبدة ، كاجو ، بذور الشيا ، شاي ماتشا ، صلصة الفانيليا ، مسحوق جوز الهند"
97e45443-8a1a-4ea7-9828-319b5ff9deb7,"Milk Cake",psk-099,cat-18,,No,Yes,No,37,,,"Biscuit digestive, milk, philadelphia cheese, cocunt butter, protein powder, caramel powder, sugar steva, cocao",,298,,No,,"ميلك كيك","بسكويت دايجستيف ، حليب ، جبنة فيلادلفيا ، زبدة جوز الهند ، مسحوق بروتين ، مسحوق كراميل ، سكر ستيفا ، كوكاو"
97e45443-8fcf-48b2-9b68-b2c7d312993d,"Chocolate & Pistachio Cookies",psk-097,cat-18,,No,Yes,No,26,,,"Butter, chocolate beans, eggs, pistachio, salt",,235,,No,,"كوكيز الشوكولاتة والفستق","زبدة ، حبوب الشوكولا ، بيض ، فستق ، ملح"
97e45443-b40f-44bb-995a-8f80f3d2d14b,"Cornflex chocolate",psk-100,cat-18,,No,Yes,No,27,,,"corn flakes crushed, peanut butter, honey, melted chocolate, chocolate protein",,205,,No,,"كورن فليكس الشوكولا","كورن فليكس مطحون ، زبدة الفول السوداني ، عسل ، شوكولا ذائبة ، بروتين شوكولاتة"
97e45443-c92c-4a6f-8a7e-87dcc9588816,Brownies,psk-101,cat-18,,No,Yes,No,21,,,"Coconut powder, butter, chocolate, stevia, eggs",,153,,No,,براوني,"بودرة جوز الهند ، زبدة ، شوكولا ، ستيفيا ، بيض"
97e45443-cc1c-494b-a01d-9f3d7d7a3198,"CHEESE CAKE",psk-102,cat-18,,No,Yes,No,33,,,"Cream cheese, cream, protein, biscuit, stevia sugar: Chocolate, Caramel, Cappuccino, Strawberry, Lotus",,364,,No,,"تشيز كيك","جبنة كريمة ، كريمة ، بروتين ، بسكويت ، سكر ستيفيا: شوكولاتة ، كراميل ، كابتشينو ، فراولة ، لوتس"
97e45443-d5c8-46fe-9291-5dd266555215,"Acai Berry Peanut Butter & Chia seeds",psk-103,cat-19,,No,Yes,No,30,,,"Pure açai with your choice of healthy fruits, banana, Strawberry, Berry, Peanut Butter",,232,,No,,"أساي بيري زبدة الفول السوداني وبذور الشيا","أساي بيري مع زبدة الفول السوداني، موز، فراولة، بيري، فول سوداني"
97e45443-e926-42a6-99fd-871e254eba84,Tiramissu,psk-098,cat-18,,No,Yes,No,36,,,"Cream cheese, vanilla, honey, nescafe, biscuitsm cocoa, protein powder",,210,,No,,تيراميسو,"جبنة كريمي ، فانيليا ، عسل، نسكافيه ، بسكويت ، كاكاو ، مسحوق بروتين"
97e45441-6372-44b7-9928-2bcd7d3af314,"Buffalo Burger",psk-021,cat-05,,No,Yes,No,40,,,"Bread, chicken, paprika, buffalo sauce, lettece, jalapeno, cheese slice",,429,,No,,"بافلو برجر","خبز ، دجاج ، بابريكا ، صوص بافلو ، خس ، هلابينو ، شريحة جبن"
97e45441-67bb-4f0a-aa5c-4b5feea6c660,"Crazy Chicken Sandwich",psk-022,cat-06,,No,Yes,No,33,,,"Cream cheese, chicken, jalapeno, crushed bread, tortilla, eggs, black pepper",,391,,No,,"كريزي تشيكن ساندوتش","جبنة كريمي ، دجاج ، هلابينو ، خبز مطحون ، تورتيلا ، بيض ، فلفل أسود"
97e45441-680d-4e97-bb18-e71a0b4d83fc,"Mushroom Steak",psk-029,cat-07,,Yes,Yes,No,0,,,"Marinated steak with fresh mushroom & homemade demi-glace sauce",,254,,No,,"ستيك لحم بقري بالفطر","ستيك متبل مع الفطر الطازج وصلصة ديمي جلاس محلية الصنع"
97e45441-6baa-4b86-b736-b29dad0aee36,"Cheese Steak Sandwich",psk-025,cat-06,,No,Yes,No,46,,,"Tortilla bread, brazilian beef tenderloin, bell pepper, low fat mozzarella cheese, special steak sauce, salt coral, black pepper",,473,,No,,"تشيز ستيك","خبز تورتيلا ، لحم بقري برازيلي ، فلفل رومي ، جبنة موزاريلا قليلة الدسم ، صوص ستيك خاص ، ملح ، فلفل أسود"
97e45441-6db6-49a2-af9c-c45ddbf63d75,"Chicken Tikka Sandwich",psk-024,cat-06,,No,Yes,No,30,,,"Chicken breast, tikka sauce, lettuce, cucumber, tomato",,478,,No,,"تيكا دجاج","صدر دجاج ، صوص تكا ، خس ، خيار ، طماطم"
97e45441-6fa3-4a94-8309-36d4b0cd13a7,"Cheese Stuffed beef",psk-034,cat-07,,Yes,Yes,No,0,,,"Beef stuffed with onions, mushroom, mozzarella cheese, parsley and special spices",,352,,No,,"لحم محشي بالجبن","لحم محشو بالبصل و مشروم و جبنة موزاريلا و بقدونس و التوابل الخاصة"
97e45441-713f-49c3-a400-2ef53e944935,"Beef Teriyaki",psk-031,cat-07,,Yes,Yes,No,0,,,"Soya Sauce, sweet pepper, ginger, oyster sauce",,220,,No,,"لحم بقري ترياكي","صويا صوص ، فلفل حلو ، زنجبيل ، صلصة المحار"
97e45441-716d-404b-aeab-1d27fcab83da,"Kofta w Tomato sauce",psk-032,cat-07,,Yes,Yes,No,0,,,"Beef fillet marinated with arabic spices, grilled and cooked inside tomato sauce",,365,,No,,"كفتة بصلصة الطماطم","لحم فيليه متبل بالبهارات العربية ، مشوي ومطبوخ بداخل صلصة الطماطم"
97e45441-723b-4f56-9922-d81b8ce2ab5f,"Tuna Sandwich",psk-026,cat-06,,No,Yes,No,29,,,"Tortilla bread, tuna, eggs, pepper, garlic powder, mayinnaise, parsley",,464,,No,,"ساندوتش تونة","خبز تورتيلا ، تونة ، بيض ، فلفل ، ثوم بودرة ، مايونيز ، بقدونس"
97e45441-73c7-4706-8fbf-6d6e1776ac61,"Grilled Steak",psk-028,cat-07,,Yes,Yes,No,0,,,"Salt, chili, paprika",,169,,No,,"ستيك مشوي","ملح ، فلفل ، بابريكا"
97e45441-768d-480f-929a-d279c95f44c8,"Meat Balls",psk-033,cat-07,,Yes,Yes,No,0,,,"Marinated meatballs cooked with brown sauce and cream",,260,,No,,"كرات اللحم","كرات لحم متبلة مطبوخة مع صلصة بنية وكريمة"
97e45441-774b-47e7-9e89-652700f21a41,"Chicken Tandoori Sandwich",psk-023,cat-06,,No,Yes,No,30,,,"Chicken breast, tandoori sauce, lettuce, tomato, cucumber, cheese",,476,,No,,"دجاج تندوري","صدر دجاج ، صوص تندوري ، خس ، طماطم ، خيار ، جبن"
97e45441-782c-4790-8f9b-e15306081015,"Shrimp Sandwich",psk-027,cat-06,tx1,No,Yes,No,46,,,"Shrimp, eggs, cashews, bread crumbs, mozzarella cheese, iceberg, jalapeno, red tortilla breadmayonnaise truffle sauce",,447,,No,,"ساندوتش روبيان","جمبري ، بيض ، كاجو ، فتات الخبز ، جبنة موزاريلا ، آيس بيرج ، هلابينو ، خبز تورتيلا أحمر ، صوص مايونيز ترافل"
97e45441-786a-4249-b87f-d11a58d01f6f,"Chilli Corn",psk-035,cat-07,tx1,Yes,Yes,No,0,,,"Mexican traditional mince of beef with mild spicy flavor, red beans, bell pepper, tomato sauce, corn",,352,,No,,"لحم بقري بالتوابل الحارة و الذرة","لحم بقري مكسيكي تقليدي بنكهة التوابل الحارة ، الفاصوليا الحمراء ، الفلفل حلو ، صلصة طماطم ، ذرة"
97e45441-7f97-47ed-8e3d-07c99109f139,"Steak BBQ",psk-030,cat-07,tx1,Yes,Yes,No,0,,,"Marinated grill tenderloin steak with homemade B.B.Q sauce on the side.",,262,,No,,"لحم بقري بصلصة الباربكيو","ستيك مشوي متبل مع صلصة باربيكيو"
97e45441-8137-4b9e-bf01-78dd25287510,"Grilled Chicken",psk-037,cat-08,tx1,Yes,Yes,No,0,,,"Salt, pepper, paprika, thyme, garlic, lemon",,171,,No,,"دجاج مشوي","ملح ، فلفل ، بابريكا ، زعتر ، ثوم ، ليمون"
97e45441-8414-4768-8556-4d3e70ab86cc,"Beef Cheese Creamy",psk-036,cat-07,tx1,No,Yes,No,0,,,"Shordood meat, onions, beef bacon, garlic, oregano, cheddar cheese sauce, demi plus, cream, salt, pepper, paprika, mustard",,382,,No,,"جبن بقري كريمي","لحم شردود ، بصل ، لحم بقري مقدد ، ثوم ، اوريجانو ، صوص جبنة شيدر ، ديمي بلس ، كريمة ، ملح ، فلفل ، بابريكا ، خردل"
97e45441-844c-46cc-8da6-517b37a173fa,"Mushroom Chicken",psk-038,cat-08,tx1,Yes,Yes,No,0,,,"Chicken, mushroom, white cream sauce",,297,,No,,"دجاج بالفطر","دجاج ، فطر ، صلصة الكريمة البيضاء"
97e45441-bcc8-4665-b18d-2272c346d896,"Safforn chicken",psk-039,cat-08,tx1,Yes,Yes,No,0,,,"Chicken, paprika, cumin, ginger, coriander, pepper, garlic, onions, saffron, parsley, green olives, pickled lemon, cream lebanese",,306,,No,,"دجاج بالزعفران","دجاج ، بابريكا ، كمون ، زنجبيل ، كزبرة ، فلفل ، ثوم مقشر ، بصل ، زعفران ، بقدونس ، زيتون أخضر ، مخلل ليمون ، كريمة لبنانية"
97e45441-d3c6-4428-95b8-016ba0b5465b,"Chicken Celery Creamy",psk-040,cat-08,tx1,Yes,Yes,No,0,,,"Chicken, kraft, garlic, cream cheese, tobasco",,278,,No,,"دجاج بالكرفس","دجاج ، كرافت ، ثوم ، جبنة كريمية ، توباسكو"
97e45441-f498-4c7f-916f-56d229197638,"Mexican Chicken",psk-041,cat-08,tx1,No,Yes,No,0,,,"Marinated Mexican style checken strips with colored capsicum and fresh herbs",,235,,No,,"دجاج على الطريقة المكسيكية","دجاج على الطريقة المكسيكية مع الفليفلة الملونة والأعشاب الطازجة"
97e45442-0030-46f4-ab7e-4cc0aa03c5c0,"Tandoori Chicken",psk-044,cat-08,tx1,Yes,Yes,No,0,,,"Traditional indian tandoori chicken breast",,287,,No,,"دجاج تندوري","صدر دجاج تندوري هندي"
97e45442-05b6-42d6-8570-46f98732933d,"Buffalo Chicken",psk-042,cat-08,tx1,No,Yes,No,0,,,"Marinated chicken cube with bread crumbs, served with our special buffalo sauce",,293,,No,,"دجاج البافلو","دجاج متبل بالخبز ، تقدم مع صلصة البافلو"
97e45442-065d-4a2b-a6e2-b295ca837432,"Curry Chicken",psk-045,cat-08,tx1,Yes,Yes,No,0,,,"Chicken, cloves, ginger, garlic, paprika, turmeric, cumin, tomato, chicken stock, cream, black pepper, curry masala",,222,,No,,"دجاج الكاري","دجاج ، قرنفل ، زنجبيل ، ثوم ، بابريكا ، كركم ، كمون ، طماطم ، مرق دجاج ، كريمة ، فلفل أسود ، كاري ماسالا"
97e45442-06dc-42b0-aa4c-3cff1c530142,"Dill Fish",psk-049,cat-10,tx1,No,Yes,No,0,,,"Fish, lemon juice, garlic, onion, coriander, green dill, salt, white pepper, cream",,260,,No,,"سمك الشبت","سمك ، عصير ليمون ، ثوم ، بصل ، كزبرة خضرة ، شبت أخضر ، ملح ، كمون، فلفل أبيض ، كريمة"
97e45442-0cd9-41c4-93c6-238e82e8b453,"Fish Curry",psk-050,cat-10,tx1,No,Yes,No,0,,,"Minced fish, grounded breadm lemon juice, garlic, onion, curry spices, cinnamon, butter, cream, fenugreek, dill green",,303,,No,,"سمك كاري","سمك مفروم ، عصير ليمون ، ثوم ، بصل ،كزبرة، ملح، كمون، طماطم، توابل كاري، زبدة ، كريمة ، حلبة ، شبت أخضر"
97e45442-0fc4-4750-9180-02767b27ab4b,"Grilled Fish",psk-054,cat-11,tx1,Yes,Yes,No,0,,,"Garlic, mustard, lemon, salt, pepper",,122,,No,,"السمك المشوي","ثوم ، خردل ، ليمون ، ملح ، فلفل"
97e45442-1336-44d8-b9e9-c23dc7ada035,"Grilled Fish",psk-048,cat-10,tx1,No,Yes,No,0,,,"Garlic, mustard, lemon, salt, pepper",,122,,No,,"السمك المشوي","ثوم ، خردل ، ليمون ، ملح ، فلفل"
97e45442-143d-4f7c-82a1-af9c71c0d4ef,"Cajun Chicken Creamy",psk-047,cat-08,tx1,No,Yes,No,0,,,"Chicken, cajun spiced, onion, garlic, chicken stock, apple vinegar, parsley, cooking creamy",,222,,No,,"دجاج كاجون كريمي","دجاج ، كاجون متبل ، مقلي ، ثوم ، مرق دجاج ، خل التفاح ، بقدونس ، كريمة الطبخ"
97e45442-14b2-4637-aa6d-37e8fc4f9817,"Salmon Gasheed",psk-052,cat-10,tx1,No,Yes,No,0,,,"Onion, dry lemon, arabic spices, green coriander",,439,,No,,"سلمون قشيد","بصل ، ليمون دراي، بهارات عربية ، كزبرة خضراء"
97e45442-1644-4820-be75-63999459553f,"Salmon with Avocado",psk-051,cat-10,tx1,No,Yes,No,0,,,"Cajun style marinated grilled samon served with healthy slice avocado and choice of sauce",,226,,No,,"سلمون بالأفوكادو","سلمون متبل مشوي على الطريقة الكاجونة يقدم مع شريحة أفوكادو صحية واختيار صلصة"
97e45442-1c3b-4b3e-a57c-434d9d7343d6,"Nuggets Chicken",psk-046,cat-08,tx1,No,Yes,No,0,,,"Chicken, garlic, onions, salt, paprika, bread crumbs, kees, black pepper, lemon juice",,305,,No,,"ناجتس دجاج","دجاج ، ثوم ، بصل ، ملح ، بابريكا ، فتات الخبز ، كيس ، فلفل أسود ، عصير ليمون"
97e45442-1dc4-4cd8-8068-0d8e8f78021b,"Spinach Chicken",psk-043,cat-08,tx1,No,Yes,No,0,,,"Chicken balls mixed with spinach tomato sauce",,221,,No,,"دجاج مع سبانخ","كرات الدجاج مع صلصة الطماطم والسبانخ"
97e45442-2252-43cf-b65f-8c0ffeebdd1e,"Salmon Dill Sauce",psk-053,cat-10,tx1,No,Yes,No,0,,,"Salt, pepper, paprika, lemon, dill sauce",,200,,No,,"سلمون مشوي بصوص الشبت","ملح ، فلفل ، بابريكا ، ليمون ، صوص شبت"
97e45442-2322-4386-9409-5a3f3a598b98,"Fish Curry",psk-056,cat-11,tx1,No,Yes,No,0,,,"Minced fish, grounded breadm lemon juice, garlic, onion, curry spices, cinnamon, butter, cream, fenugreek, dill green",,303,,No,,"سمك كاري","سمك مفروم ، عصير ليمون ، ثوم ، بصل ،كزبرة، ملح، كمون، طماطم، توابل كاري، زبدة ، كريمة ، حلبة ، شبت أخضر"
97e45442-2733-4d97-8d17-2b3864f98edb,"Dill Fish",psk-055,cat-11,tx1,No,Yes,No,0,,,"Fish, lemon juice, garlic, onion, coriander, green dill, salt, white pepper, cream",,260,,No,,"سمك الشبت","سمك ، عصير ليمون ، ثوم ، بصل ، كزبرة خضرة ، شبت أخضر ، ملح ، كمون، فلفل أبيض ، كريمة"
97e45442-2caf-47bb-b420-20211002980a,"Salmon with Avocado",psk-057,cat-11,tx1,No,Yes,No,0,,,"Cajun style marinated grilled samon served with healthy slice avocado and choice of sauce",,226,,No,,"سلمون بالأفوكادو","سلمون متبل مشوي على الطريقة الكاجونة يقدم مع شريحة أفوكادو صحية واختيار صلصة"
97e45442-48a9-4a0a-8ae5-4cce9f815acf,"Salmon Gasheed",psk-058,cat-11,tx1,No,Yes,No,0,,,"Onion, dry lemon, arabic spices, green coriander",,439,,No,,"سلمون قشيد","بصل ، ليمون دراي، بهارات عربية ، كزبرة خضراء"
97e45442-5e01-47bd-9e2c-25e4cf7ec5dd,"Salmon Dill Sauce",psk-059,cat-11,tx1,No,Yes,No,0,,,"Salt, pepper, paprika, lemon, dill sauce",,200,,No,,"سلمون مشوي بصوص الشبت","ملح ، فلفل ، بابريكا ، ليمون ، صوص شبت"
97e45442-6b4c-4a9f-91b4-6e65ef825c13,"Salmon Sushi",psk-060,cat-09,tx1,No,Yes,No,30,,,"Salmon fullet, spring onion, lemon, sushi rice, ginger, bay leaves, soya sauce, rice vinegar",,73,,No,,"سلمون سوشي","فيليه سلمون، بصل أخضر ، ليمون ، أرز سوشي ، زنجبيل ، ورق غار ، صويا صوص، خل الأرز"
97e45442-900b-4a89-baae-84bd9b8e9523,"Chicken Sushi",psk-061,cat-09,tx1,No,Yes,No,26,,,"Chicken breast, sushi rice, sesame seed, ketchup, BBQ sauce, onion powder, hot sauce siracha, lemon, bread crumbs, rice vinegar",,82,,No,,"سوشي الدجاج","صدر دجاج ، أرز سوشي ، بذور سمسم ، كاتشب ، صوص باربيكيو ، بصل بودرة، صلصة حارة سيراشا ، ليمون ، فتات الخبز ، خل الاأرز"
97e45442-9199-47b6-b351-ea5d991ef986,"Dynamite Shrimp",psk-062,cat-09,tx1,Yes,Yes,No,0,,,"Healthy style dynamite shrimp coat with dynamite sauce served with iceberg lettuce",,20,,No,,"روبيان ديناميت","روبيان ديناميت صحي مع صلصة ديناميت يقدم مع خس ايسبيرج"
97e45442-9a1c-49dd-a935-327a32b9ceaf,"B.B.Q Shrimp",psk-063,cat-09,tx1,Yes,Yes,No,0,,,"Marinated shrimp mix with homemade BBQ sauce",,92,,No,,"روبيان بالباربيكيو","روبيان منقوع و متبل مع صوص باربيكيو"
97e45442-a0c4-49f6-80a0-75c1c05a0df5,Oats,psk-065,cat-12,tx1,No,Yes,No,0,,,"Pudding. chocolate, strawberry, banana, apple",,334,,No,,شوفان,"بودنغ. شوكولاتة ، فراولة ، موز ، تفاح"
97e45442-a3fa-4c2a-adf2-4db71d5e45c2,"Cacciatore Shrimp",psk-064,cat-09,tx1,Yes,Yes,No,0,,,"Shrimp cooked with herbs, tomato sauce, sweet pepper and cheese",,22,,No,,"روبيان كاشياتوري","روبيان مطبوخ مع الأعشاب وصوص الطماطم والفلفل الحلو والجبنة"
97e45442-af07-415c-805c-5f3f7b27b7a0,"Apple Juice",psk-071,cat-13,tx1,No,Yes,No,16,,,,,,,No,,تفاح,
97e45442-b0d6-4284-9963-2a2d63e57ee8,"Orange Juice",psk-070,cat-13,tx1,No,Yes,No,16,,,,,,,No,,برتقال,
97e45442-b154-4e2d-ba05-59d6aac90ccb,"Mashed Potato",psk-068,cat-12,tx1,No,Yes,No,0,,,"Salt. pepper, steamed",,92,,No,,"بطاطا مهروسة","ملح. فلفل مطهو على البخار"
97e45442-b208-4c3c-a656-04d64dcbd066,"Basmati Rice",psk-066,cat-12,tx1,Yes,Yes,No,0,,,"White, brown, broccoli, saffron, biryani, mix veg",,137,,No,,"أرز بسمتي","أبيض ، بني ، بروكلي ، زعفران ، برياني ، خضار مشكلة"
97e45442-b209-4bcb-be79-cc7ad0b05dee,"Roasted Potato",psk-067,cat-12,tx1,No,Yes,No,0,,,"Salt, herbs, garlic, pepper, paprika",,152,,No,,"بطاطا محمصة","ملح ، أعشاب ، ثوم ، فلفل ، بابريكا"
97e45442-b5da-45e6-acbb-422afc4b3486,"Carrot Juice",psk-072,cat-13,tx1,No,Yes,No,16,,,,,,,No,,جزر,
97e45442-b645-436e-826c-c1819e5fd543,"Sweet Potato",psk-069,cat-12,tx1,No,Yes,No,0,,,"Steamed, Mashed, Roasted",,87,,No,,"بطاطا حلوة","مطهو على البخار ، مهروس ، محمص"
97e45442-be34-4ccc-81d3-df896f885d36,"Biryani Chicken",psk-076,cat-14,tx1,No,Yes,No,40,,,"Chicken breasts cooked with indian masala and basmati rice",,353,,No,,"برياني دجاج","صدور دجاج مطبوخة مع الماسالا الهندية والأرز بسمتي"
97e45442-c4a0-4da9-af84-5b1e6f88a41d,BCAA,psk-073,cat-13,tx1,No,Yes,No,11,,,,,,,No,,"بي سي اي اي",
97e45440-cd61-4606-a48d-ef6f12183514,"Lentil Soup",psk-012,cat-02,tx1,No,Yes,No,19,,,"Red lentil, carrot, potato, onion, leek, celery, garlic, cumin, turmeric, hot water",,177,,No,,"شوربة العدس","عدس أحمر ، جزر ، بطاطس ، بصل ، كراث ، كرفس ، ثوم ، كمون ، كركم ، ماء ساخن"
97e45440-cdaf-4e9d-add3-760f09256c2b,Molokhia,psk-013,cat-02,tx1,No,Yes,No,19,,,"Molokhia, garlic, salt, coriander, chicken stock",,64,,No,,ملوخية,"ملوخية ، ثوم ، ملح ، كزبرة ، مرق دجاج"
97e45440-d035-4f0a-aa86-c728acb631f9,"Greek Salad",psk-016,cat-03,tx1,No,Yes,No,26,,,"A traditional greek salad with cucumber, bell pepper, tomato, black olices, served wth feta cheese and vinaigrette dressing",,272,,No,,"سلطة يونانية","سلطة يونانية تقليدية مع خيار وفلفل حلو وطماطم وزيتون اسود تقدم مع جبنة الفيتا وصلصة الخل"
97e45440-d378-4d0b-b9b4-af0b1d818199,"Beans Burrito",psk-001,cat-01,tx1,No,Yes,No,20,,,"Beans, tomato, lemon, cheese, onion, salt, cumin, tortilla bread",,259,,No,,"فول بوريتو","فول ، طماطم ، ليمون ، جبن ، بصل ، ملح ، كمون ، خبز تورتيلا"
97e45440-d385-4514-af56-eaf50f2ea19c,"Egg Burger",psk-008,cat-01,tx1,No,Yes,No,30,,,"Boiled egg, slice bread, salt, peper, philadelpha cheese, slice chesse",,371,,No,,"برجر بيض","بيض مسلوق ، شريحة خبز ، ملح ، فلفل ، جبنة فيلادلفيا ، شريحة جبن"
97e45440-d39f-4684-a821-54997f5f83b3,"Caesar Salad",psk-014,cat-03,tx1,No,Yes,No,24,,,"Iceberg lettuce, brown sliced bread, parmesan cheese, chicken breast, caesar dressing",,244,,No,,"سلطة سيزر","خس ايسبرغ ، شرائح خبز أسمر ، جبنة بارميزان ، صدر دجاج ، صلصة السيزر"
97e45440-d50d-4a5e-8235-0ba5d7f14654,"Labneh & Zaatar Sandwich",psk-004,cat-01,tx1,No,Yes,No,20,,,"Low-fat labneh, thyme",,426,,No,,"سندويتش لبنة و زعتر","لبنة قليلة الدسم ، زعتر"
97e45440-d555-4134-88d1-1930855f650f,"Egg Sandwich",psk-007,cat-01,tx1,No,Yes,No,30,,,"Egg white, lettuce, tomato, cheese",,370,,No,,"ساندويتش بيض","بياض البيض ، خس ، طماطم ، جبن"
97e45440-d58b-460a-9948-eba79d31b4f5,"CIassic Chicken Burger",psk-020,cat-05,tx1,No,Yes,No,31,,,"Low calorie sauce, tomato, lettuce, low fat cheese",,353,,No,,كلاسيك,"لو كالوري صوص ، طماطم ، خس ، جبنة قليلة الدسم"
97e45440-d675-4491-8526-0ed8b55230e2,Pancake,psk-002,cat-01,tx1,No,Yes,No,31,,,"chocolate, caramel, strawberry",,340,,No,,"بان كيك","شوكولاتة ، كراميل ، فراولة"
97e45440-d778-413f-993c-df10e45726cd,"Low Calorie Beef Burger",psk-019,cat-04,tx1,No,Yes,No,44,,,"Beef bacon, tomato, lettuce, pickels, low calorie suace",,413,,No,,لوكالوري,"لحم مدخن ، طماطم ، خس ، مخلل ، لو كالوري صوص"
97e45440-da28-46c8-88f8-542feb57fcec,"Egg Chicken Milanese Sandwich",psk-005,cat-01,tx1,No,Yes,No,30,,,"Chicken, egg white, parmesan, parsley",,661,,No,,"سندويتش بيض دجاج ميلانيز","دجاج ، بياض بيض ، بارميزان ، بقدونس"
97e45440-da67-494c-8137-1fb5055e8dfd,"French Toast",psk-010,cat-01,tx1,No,Yes,No,30,,,"Toast bread, milk, egg white, cinnamon, stevia, crushed cornflakes, biscuits, pistachio, coconut, protein powder, maple syrup, vanilla",,469,,No,,"فرنش توست","خبز توست ، حليب ، بياض بيض ، قرفة ، ستيفيا ، كورن فليكس مطحون ، بسكويت ، فستق ، جوز الهند ، مسحوق البروتين ، شراب القيقب ، فانيليا"
97e45440-dab1-420d-9244-81de98453acd,"Shakshouka Egg",psk-009,cat-01,tx1,No,Yes,No,26,,,"Egg white, tomato, parsley, onion, pepper, salt",,335,,No,,"بيض شكشوكة","بياض بيض ، طماطم ، بقدونس ، بصل ، فلفل ، ملح"
97e45440-db4f-411d-ac05-524611d528b9,"Broccoli Soup",psk-011,cat-02,tx1,No,Yes,No,19,,,"Broccoli, onion, leek, celery, salt, cooked creem, chicken stook",,71,,No,,"شوربة بروكلي","بروكلي ، بصل ، كراث ، كرفس ، ملح ، كريم مطبوخ ، ستوك دجاج"
97e45440-dd18-48d9-b580-ebe330d26edd,"Halloumi Sandwich",psk-003,cat-01,tx1,No,Yes,No,33,,,"Halloumi, lettuce, tomato, wrap with tortilla bread",,453,,No,,"ساندوتش حلوم","حلوم ، خس ، طماطم ، خبز التورتيلا"
97e45440-df77-4308-ac3f-edbd059eb057,"Beetroot Salad",psk-017,cat-03,tx1,No,Yes,No,24,,,"Baby spinach, arugula, red beans, apple, avocado, beetroot with balsamic dressing",,266,,No,,"سلطة الشمندر","سبانخ ، جرجير ، فاصوليا حمراء ، تفاح ، أفوكادو ، شمندر مع صلصة البلسميك"
97e45440-e857-4382-87cb-3a19812b46f2,"Classic Beef Burger",psk-018,cat-04,tx1,No,Yes,No,40,,,"Low calorie sauce, tomato, lettuce, low fat cheese",,403,,No,,كلاسيك,"لو كالوري صوص ، طماطم ، خس ، جبنة قليلة الدسم"
97e45440-f3c3-4ea2-ba95-e8ecff1ee392,"Balaleet w Honey",psk-006,cat-01,tx1,No,Yes,No,35,,,"Vermicelli pasta, cardamom saffron, stevia sugar, pine, egg white, honey",,341,,No,,"بلاليط مع عسل","مكرونة فارمسيلي ، زعفران الهيل، سكر ستيفيا ، صنوبر ، بياض بيض ، عسل"
97e45441-1fa7-4328-806c-76eb9d878c34,"Arabic Salad",psk-015,cat-03,tx1,No,Yes,No,17,,,"Cucumber, tomato, lettuce, lemon",,19,,No,,"سلطة عربية","خيار ، طماطم ، خس ، ليمون"
